{
    "negcontrol_model-arch1_l1reg-0.0001_seed100_onrdk.h5": 1.5221237071734937,
    "negcontrol_model-arch1_l1reg-0.0001_seed200_astxj.h5": 1.4182026215233647,
    "negcontrol_model-arch1_l1reg-0.0001_seed300_byxjs.h5": 1.8268524160989432,
    "negcontrol_model-arch1_l1reg-0.0001_seed400_ujfkj.h5": 1.6211058865631605,
    "negcontrol_model-arch1_l1reg-0.0001_seed500_owzhn.h5": 1.6300539608980975,
    "negcontrol_model-arch1_l1reg-0.001_seed100_ltffs.h5": 1.439615971283907,
    "negcontrol_model-arch1_l1reg-0.001_seed200_eftjz.h5": 1.6485941441534364,
    "negcontrol_model-arch1_l1reg-0.001_seed300_eiemt.h5": 1.464630569677999,
    "negcontrol_model-arch1_l1reg-0.001_seed400_rmcsj.h5": 1.718147853303547,
    "negcontrol_model-arch1_l1reg-0.001_seed500_rccha.h5": 1.413982410622318,
    "negcontrol_model-arch1_l1reg-0.0_seed100_nespm.h5": 1.8357224926209672,
    "negcontrol_model-arch1_l1reg-0.0_seed200_bhpew.h5": 1.6919280740724,
    "negcontrol_model-arch1_l1reg-0.0_seed300_ewoyk.h5": 1.4727002780221052,
    "negcontrol_model-arch1_l1reg-0.0_seed400_akswq.h5": 1.5873017073154516,
    "negcontrol_model-arch1_l1reg-0.0_seed500_kezkm.h5": 1.5896775275545034,
    "negcontrol_model-arch2_l1reg-0.0001_seed100_xvwjk.h5": 1.8316339895355656,
    "negcontrol_model-arch2_l1reg-0.0001_seed200_uyqdg.h5": 1.7071404617850914,
    "negcontrol_model-arch2_l1reg-0.0001_seed300_pxmfv.h5": 1.4998583899209297,
    "negcontrol_model-arch2_l1reg-0.0001_seed400_iqqsg.h5": 1.813682138814352,
    "negcontrol_model-arch2_l1reg-0.0001_seed500_bzjws.h5": 1.5153418873698363,
    "negcontrol_model-arch2_l1reg-0.001_seed100_paesj.h5": 1.4549979273802653,
    "negcontrol_model-arch2_l1reg-0.001_seed200_uatwa.h5": 1.5974012480548732,
    "negcontrol_model-arch2_l1reg-0.001_seed300_egqtg.h5": 1.6047690636128236,
    "negcontrol_model-arch2_l1reg-0.001_seed400_zphpl.h5": 1.749124734404285,
    "negcontrol_model-arch2_l1reg-0.001_seed500_phdrn.h5": 1.500133579302882,
    "negcontrol_model-arch2_l1reg-0.0_seed100_lvgiv.h5": 1.6649195201790077,
    "negcontrol_model-arch2_l1reg-0.0_seed200_xytqa.h5": 1.8151824156665928,
    "negcontrol_model-arch2_l1reg-0.0_seed300_ypwis.h5": 1.6076776494889873,
    "negcontrol_model-arch2_l1reg-0.0_seed400_qefnh.h5": 1.610322944137977,
    "negcontrol_model-arch2_l1reg-0.0_seed500_yxgnt.h5": 1.5944960815966671,
    "negcontrol_model-arch3_l1reg-0.0001_seed100_texte.h5": 1.5155973313261764,
    "negcontrol_model-arch3_l1reg-0.0001_seed200_kpyir.h5": 1.5244731619175211,
    "negcontrol_model-arch3_l1reg-0.0001_seed300_xdpdl.h5": 1.3828521589354263,
    "negcontrol_model-arch3_l1reg-0.0001_seed400_cnrkp.h5": 1.3992054340057674,
    "negcontrol_model-arch3_l1reg-0.0001_seed500_vcqvx.h5": 1.594184462506023,
    "negcontrol_model-arch3_l1reg-0.001_seed100_jubpn.h5": 1.4639338782876523,
    "negcontrol_model-arch3_l1reg-0.001_seed200_rfdfb.h5": 1.4463774134059617,
    "negcontrol_model-arch3_l1reg-0.001_seed300_lwpgy.h5": 1.346891612160636,
    "negcontrol_model-arch3_l1reg-0.001_seed400_bpykc.h5": 1.4084613025141395,
    "negcontrol_model-arch3_l1reg-0.001_seed500_fvauo.h5": 1.3394805528268108,
    "negcontrol_model-arch3_l1reg-0.0_seed100_rmivg.h5": 1.444277922880862,
    "negcontrol_model-arch3_l1reg-0.0_seed200_zfper.h5": 1.5603225717978193,
    "negcontrol_model-arch3_l1reg-0.0_seed300_xqbvq.h5": 1.5029387234200697,
    "negcontrol_model-arch3_l1reg-0.0_seed400_nvrfe.h5": 1.6272965439326987,
    "negcontrol_model-arch3_l1reg-0.0_seed500_tgrnm.h5": 1.5381711546013381
}