{
    "poscontrol_model-arch1_l1reg-0.0001_seed100_aomas.h5": 1.8134525631784184,
    "poscontrol_model-arch1_l1reg-0.0001_seed200_klzhp.h5": 1.7342940814660335,
    "poscontrol_model-arch1_l1reg-0.0001_seed300_dhxwt.h5": 2.1343096974899334,
    "poscontrol_model-arch1_l1reg-0.0001_seed400_rudhy.h5": 1.6870787525086448,
    "poscontrol_model-arch1_l1reg-0.0001_seed500_hqfpl.h5": 1.7347384090424611,
    "poscontrol_model-arch1_l1reg-0.001_seed100_hjmju.h5": 1.6464853319567927,
    "poscontrol_model-arch1_l1reg-0.001_seed200_tudtw.h5": 1.393355297776935,
    "poscontrol_model-arch1_l1reg-0.001_seed300_rrofa.h5": 1.7510687756051042,
    "poscontrol_model-arch1_l1reg-0.001_seed400_evymb.h5": 1.7710240944491757,
    "poscontrol_model-arch1_l1reg-0.001_seed500_vdeve.h5": 1.5910700648741651,
    "poscontrol_model-arch1_l1reg-0.0_seed100_amzeg.h5": 1.868600872852866,
    "poscontrol_model-arch1_l1reg-0.0_seed200_xfzou.h5": 1.5613340560482474,
    "poscontrol_model-arch1_l1reg-0.0_seed300_hiulp.h5": 1.8833813386318998,
    "poscontrol_model-arch1_l1reg-0.0_seed400_qsgmu.h5": 1.832085950157166,
    "poscontrol_model-arch1_l1reg-0.0_seed500_iuzrw.h5": 1.7613841696086365,
    "poscontrol_model-arch2_l1reg-0.0001_seed100_kmtpm.h5": 1.696659407340429,
    "poscontrol_model-arch2_l1reg-0.0001_seed200_abyyd.h5": 1.5992223521694358,
    "poscontrol_model-arch2_l1reg-0.0001_seed300_duirp.h5": 1.8717217025964448,
    "poscontrol_model-arch2_l1reg-0.0001_seed400_ifpwv.h5": 1.7527086500370819,
    "poscontrol_model-arch2_l1reg-0.0001_seed500_dfzbb.h5": 1.6469938621332614,
    "poscontrol_model-arch2_l1reg-0.001_seed100_ebzhv.h5": 1.747266487356892,
    "poscontrol_model-arch2_l1reg-0.001_seed200_ncyst.h5": 2.2005127117111396,
    "poscontrol_model-arch2_l1reg-0.001_seed300_ookbb.h5": 1.5654439335672188,
    "poscontrol_model-arch2_l1reg-0.001_seed400_rpblq.h5": 1.5252200986421216,
    "poscontrol_model-arch2_l1reg-0.001_seed500_iunnw.h5": 2.076237787177565,
    "poscontrol_model-arch2_l1reg-0.0_seed100_hdwgl.h5": 1.8349286754340455,
    "poscontrol_model-arch2_l1reg-0.0_seed200_jpend.h5": 1.902153991585191,
    "poscontrol_model-arch2_l1reg-0.0_seed300_hnyxy.h5": 1.8231687540637238,
    "poscontrol_model-arch2_l1reg-0.0_seed400_ewzvv.h5": 1.8398865520243504,
    "poscontrol_model-arch2_l1reg-0.0_seed500_fabas.h5": 2.048633712916468,
    "poscontrol_model-arch3_l1reg-0.0001_seed100_iqvdq.h5": 1.5747301849023354,
    "poscontrol_model-arch3_l1reg-0.0001_seed200_jsjqh.h5": 1.6492014855527881,
    "poscontrol_model-arch3_l1reg-0.0001_seed300_jtgjz.h5": 1.5466810291707316,
    "poscontrol_model-arch3_l1reg-0.0001_seed400_dnyye.h5": 1.63891599661515,
    "poscontrol_model-arch3_l1reg-0.0001_seed500_lkead.h5": 1.6821553257710937,
    "poscontrol_model-arch3_l1reg-0.001_seed100_xrxte.h5": 1.3465385098937264,
    "poscontrol_model-arch3_l1reg-0.001_seed200_doafa.h5": 1.4590841468475804,
    "poscontrol_model-arch3_l1reg-0.001_seed300_ttogz.h5": 1.3788474204921677,
    "poscontrol_model-arch3_l1reg-0.001_seed400_xugxp.h5": 1.4084939659527005,
    "poscontrol_model-arch3_l1reg-0.001_seed500_yyfcz.h5": 1.3235342102900287,
    "poscontrol_model-arch3_l1reg-0.0_seed100_utcmr.h5": 1.7113800898489337,
    "poscontrol_model-arch3_l1reg-0.0_seed200_vkewt.h5": 1.6474376615328459,
    "poscontrol_model-arch3_l1reg-0.0_seed300_kikny.h5": 1.5801144364014041,
    "poscontrol_model-arch3_l1reg-0.0_seed400_lqltb.h5": 1.4081524062348778,
    "poscontrol_model-arch3_l1reg-0.0_seed500_hltxi.h5": 1.6136723553270422
}